RegionName,Attribute,Time,CO2f,electricity,gas,diesel,gasoline,LPG,hydrogen,transport_heavy,transport_medium,transport_light,CH4f,N2Of
Unit,-,Year,MUS$2010/kt,MUS$2010/PJ,MUS$2010/PJ,MUS$2010/PJ,MUS$2010/PJ,MUS$2010/PJ,MUS$2010/PJ,MUS$2010/PJ,MUS$2010/PJ,MUS$2010/PJ,MUS$2010/kt,MUS$2010/kt
R1,CommodityPrice,2020,0,47.68256675,18.11335981,34.0818536,46.31946539,24.23471379,101.1110585,0,0,0,0,0
R1,CommodityPrice,2025,0,47.68256675,18.11335981,34.0818536,46.31946539,24.23471379,101.1110585,0,0,0,0,0
R1,CommodityPrice,2030,0,47.68256675,18.11335981,34.0818536,46.31946539,24.23471379,101.1110585,0,0,0,0,0
R1,CommodityPrice,2035,0,47.68256675,18.11335981,34.0818536,46.31946539,24.23471379,101.1110585,0,0,0,0,0
R1,CommodityPrice,2040,0,47.68256675,18.11335981,34.0818536,46.31946539,24.23471379,101.1110585,0,0,0,0,0
R1,CommodityPrice,2045,0,47.68256675,18.11335981,34.0818536,46.31946539,24.23471379,101.1110585,0,0,0,0,0
R1,CommodityPrice,2050,0,47.68256675,18.11335981,34.0818536,46.31946539,24.23471379,101.1110585,0,0,0,0,0