SN,RegionName,CO2f,electricity,gas,diesel,gasoline,LPG,hydrogen,transport_heavy,transport_medium,transport_light,CH4f,N2Of
1,R1,0,0,0,0,0,0,0,0.166666667,0.166666667,0.166666667,0,0
2,R1,0,0,0,0,0,0,0,0.166666667,0.166666667,0.166666667,0,0
3,R1,0,0,0,0,0,0,0,0.166666667,0.166666667,0.166666667,0,0
4,R1,0,0,0,0,0,0,0,0.166666667,0.166666667,0.166666667,0,0
5,R1,0,0,0,0,0,0,0,0.166666667,0.166666667,0.166666667,0,0
6,R1,0,0,0,0,0,0,0,0.166666667,0.166666667,0.166666667,0,0
